date,cumulative_cases,net_new_cases,new_cases_7d
2020-01-22,557,,
2020-01-23,657,100.0,
2020-01-24,944,287.0,
2020-01-25,1437,493.0,
2020-01-26,2120,683.0,
2020-01-27,2929,809.0,
2020-01-28,5580,2651.0,
2020-01-29,6169,589.0,801.7142857142857
2020-01-30,8237,2068.0,1082.857142857143
2020-01-31,9927,1690.0,1283.2857142857142
2020-02-01,12038,2111.0,1514.4285714285713
2020-02-02,16787,4749.0,2095.285714285714
2020-02-03,19887,3100.0,2422.5714285714284
2020-02-04,23899,4012.0,2617.0
2020-02-05,27644,3745.0,3067.8571428571427
2020-02-06,30806,3162.0,3224.1428571428573
2020-02-07,34339,3533.0,3487.4285714285716
2020-02-08,37070,2731.0,3576.0
2020-02-09,40098,3028.0,3330.1428571428573
2020-02-10,42636,2538.0,3249.8571428571427
2020-02-11,44679,2043.0,2968.5714285714284
2020-02-12,45057,378.0,2487.5714285714284
2020-02-13,60209,15152.0,4200.428571428572
2020-02-14,66694,6485.0,4622.142857142857
2020-02-15,68770,2076.0,4528.571428571428
2020-02-16,70883,2113.0,4397.857142857143
2020-02-17,72819,1936.0,4311.857142857143
2020-02-18,74613,1794.0,4276.285714285715
2020-02-19,75034,421.0,4282.428571428572
2020-02-20,75582,548.0,2196.1428571428573
2020-02-21,76212,630.0,1359.7142857142858
2020-02-22,77974,1762.0,1314.857142857143
2020-02-23,78299,325.0,1059.4285714285713
2020-02-24,78867,568.0,864.0
2020-02-25,79721,854.0,729.7142857142857
2020-02-26,80679,958.0,806.4285714285714
2020-02-27,82023,1344.0,920.1428571428571
2020-02-28,83447,1424.0,1033.5714285714287
2020-02-29,85318,1871.0,1049.142857142857
2020-03-01,87697,2379.0,1342.5714285714287
2020-03-02,89677,1980.0,1544.2857142857142
2020-03-03,92288,2611.0,1795.2857142857142
2020-03-04,94632,2344.0,1993.2857142857142
2020-03-05,97372,2740.0,2192.714285714286
2020-03-06,101356,3984.0,2558.4285714285716
2020-03-07,105493,4137.0,2882.1428571428573
2020-03-08,109291,3798.0,3084.8571428571427
2020-03-09,113586,4295.0,3415.5714285714284
2020-03-10,118345,4759.0,3722.4285714285716
2020-03-11,125821,7476.0,4455.571428571428
2020-03-12,132577,6756.0,5029.285714285715
2020-03-13,145771,13194.0,6345.0
2020-03-14,156659,10888.0,7309.428571428572
2020-03-15,167892,11233.0,8371.57142857143
2020-03-16,182459,14567.0,9839.0
2020-03-17,197633,15174.0,11326.857142857143
2020-03-18,215188,17555.0,12766.714285714286
2020-03-19,242275,27087.0,15671.142857142857
2020-03-20,271805,29530.0,18004.85714285714
2020-03-21,304232,32427.0,21081.85714285714
2020-03-22,338444,34212.0,24364.571428571428
2020-03-23,380999,42555.0,28362.85714285714
2020-03-24,422882,41883.0,32178.428571428572
2020-03-25,474363,51481.0,37025.0
2020-03-26,535177,60814.0,41843.142857142855
2020-03-27,599108,63931.0,46757.57142857143
2020-03-28,668688,69580.0,52065.142857142855
2020-03-29,725204,56516.0,55251.42857142857
2020-03-30,790215,65011.0,58459.42857142857
2020-03-31,868657,78442.0,63682.142857142855
2020-04-01,955007,86350.0,68663.42857142857
2020-04-02,1037455,82448.0,71754.0
2020-04-03,1121665,84210.0,74651.0
2020-04-04,1181786,60121.0,73299.71428571429
2020-04-05,1253501,71715.0,75471.0
2020-04-06,1328227,74726.0,76858.85714285714
2020-04-07,1397165,68938.0,75501.14285714286
2020-04-08,1479341,82176.0,74904.85714285714
2020-04-09,1566522,87181.0,75581.0
2020-04-10,1652944,86422.0,75897.0
2020-04-11,1728459,75515.0,78096.14285714286
2020-04-12,1847040,118581.0,84791.28571428571
2020-04-13,1918872,71832.0,84377.85714285714
2020-04-14,2003505,84633.0,86620.0
2020-04-15,2081761,78256.0,86060.0
2020-04-16,2176229,94468.0,87101.0
2020-04-17,2264109,87880.0,87309.28571428571
2020-04-18,2342361,78252.0,87700.28571428571
2020-04-19,2418683,76322.0,81663.28571428571
2020-04-20,2495165,76482.0,82327.57142857143
2020-04-21,2571252,76087.0,81106.71428571429
2020-04-22,2653290,82038.0,81647.0
2020-04-23,2736007,82717.0,79968.28571428571
2020-04-24,2819570,83563.0,79351.57142857143
2020-04-25,2902775,83205.0,80059.14285714286
2020-04-26,2973570,70795.0,79269.57142857143
2020-04-27,3044554,70984.0,78484.14285714286
2020-04-28,3120386,75832.0,78447.71428571429
2020-04-29,3197714,77328.0,77774.85714285714
2020-04-30,3281366,83652.0,77908.42857142857
2020-05-01,3370312,88946.0,78677.42857142857
2020-05-02,3448574,78262.0,77971.28571428571
2020-05-03,3522571,73997.0,78428.71428571429
2020-05-04,3600208,77637.0,79379.14285714286
2020-05-05,3679893,79685.0,79929.57142857143
2020-05-06,3770315,90422.0,81800.14285714286
2020-05-07,3859453,89138.0,82583.85714285714
2020-05-08,3949936,90483.0,82803.42857142857
2020-05-09,4034279,84343.0,83672.14285714286
2020-05-10,4109502,75223.0,83847.28571428571
2020-05-11,4185643,76141.0,83633.57142857143
2020-05-12,4270923,85280.0,84432.85714285714
2020-05-13,4355271,84348.0,83565.14285714286
2020-05-14,4450913,95642.0,84494.28571428571
2020-05-15,4546815,95902.0,85268.42857142857
2020-05-16,4640705,93890.0,86632.28571428571
2020-05-17,4719068,78363.0,87080.85714285714
2020-05-18,4808200,89132.0,88936.71428571429
2020-05-19,4904018,95818.0,90442.14285714286
2020-05-20,5009441,105423.0,93452.85714285714
2020-05-21,5115414,105973.0,94928.71428571429
2020-05-22,5222756,107342.0,96563.0
2020-05-23,5326906,104150.0,98028.71428571429
2020-05-24,5420122,93216.0,100150.57142857143
2020-05-25,5508345,88223.0,100020.71428571429
2020-05-26,5600707,92362.0,99527.0
2020-05-27,5703263,102556.0,99117.42857142857
2020-05-28,5823256,119993.0,101120.28571428571
2020-05-29,5944692,121436.0,103133.71428571429
2020-05-30,6079735,135043.0,107547.0
2020-05-31,6182595,102860.0,108924.71428571429
2020-06-01,6282859,100264.0,110644.85714285714
2020-06-02,6405500,122641.0,114970.42857142857
2020-06-03,6516716,111216.0,116207.57142857143
2020-06-04,6654946,138230.0,118812.85714285714
2020-06-05,6788352,133406.0,120522.85714285714
2020-06-06,6917682,129330.0,119706.71428571429
2020-06-07,7028694,111012.0,120871.28571428571
2020-06-08,7131742,103048.0,121269.0
2020-06-09,7257724,125982.0,121746.28571428571
2020-06-10,7394886,137162.0,125452.85714285714
2020-06-11,7531072,136186.0,125160.85714285714
2020-06-12,7658546,127474.0,124313.42857142857
2020-06-13,7792454,133908.0,124967.42857142857
2020-06-14,7924401,131947.0,127958.14285714286
2020-06-15,8049313,124912.0,131081.57142857142
2020-06-16,8193212,143899.0,133641.14285714287
2020-06-17,8336414,143202.0,134504.0
2020-06-18,8479508,143094.0,135490.85714285713
2020-06-19,8660504,180996.0,143136.85714285713
2020-06-20,8846387,185883.0,150561.85714285713
2020-06-21,8939449,93062.0,145006.85714285713
2020-06-22,9081781,142332.0,147495.42857142858
2020-06-23,9249904,168123.0,150956.0
2020-06-24,9421340,171436.0,154989.42857142858
2020-06-25,9600855,179515.0,160192.42857142858
2020-06-26,9793345,192490.0,161834.42857142858
2020-06-27,9969757,176412.0,160481.42857142858
2020-06-28,10138214,168457.0,171252.14285714287
2020-06-29,10290896,152682.0,172730.7142857143
2020-06-30,10474667,183771.0,174966.14285714287
2020-07-01,10689795,215128.0,181207.85714285713
2020-07-02,10894765,204970.0,184844.2857142857
2020-07-03,11097403,202638.0,186294.0
2020-07-04,11287117,189714.0,188194.2857142857
2020-07-05,11473337,186220.0,190731.85714285713
2020-07-06,11641610,168273.0,192959.14285714287
2020-07-07,11851179,209569.0,196644.57142857142
2020-07-08,12066465,215286.0,196667.14285714287
2020-07-09,12291061,224596.0,199470.85714285713
2020-07-10,12523942,232881.0,203791.2857142857
2020-07-11,12736762,212820.0,207092.14285714287
2020-07-12,12929694,192932.0,208051.0
2020-07-13,13124172,194478.0,211794.57142857142
2020-07-14,13345199,221027.0,213431.42857142858
2020-07-15,13574985,229786.0,215502.85714285713
2020-07-16,13819897,244912.0,218405.14285714287
2020-07-17,14057317,237420.0,219053.57142857142
2020-07-18,14292658,235341.0,222270.85714285713
2020-07-19,14504549,211891.0,224979.2857142857
2020-07-20,14712693,208144.0,226931.57142857142
2020-07-21,14955714,243021.0,230073.57142857142
2020-07-22,15231070,275356.0,236583.57142857142
2020-07-23,15510701,279631.0,241543.42857142858
2020-07-24,15794207,283506.0,248127.14285714287
2020-07-25,16043764,249557.0,250158.0
2020-07-26,16255573,211809.0,250146.2857142857
2020-07-27,16489959,234386.0,253895.14285714287
2020-07-28,16753846,263887.0,256876.0
2020-07-29,17024080,270234.0,256144.2857142857
2020-07-30,17305861,281781.0,256451.42857142858
2020-07-31,17593323,287462.0,257016.57142857142
2020-08-01,17839594,246271.0,256547.14285714287
2020-08-02,18070205,230611.0,259233.14285714287
2020-08-03,18276262,206057.0,255186.14285714287
2020-08-04,18541566,265304.0,255388.57142857142
2020-08-05,18816722,275156.0,256091.7142857143
2020-08-06,19103424,286702.0,256794.7142857143
2020-08-07,19385858,282434.0,256076.42857142858
2020-08-08,19651085,265227.0,258784.42857142858
2020-08-09,19884080,232995.0,259125.0
2020-08-10,20117292,233212.0,263004.28571428574
2020-08-11,20382855,265563.0,263041.28571428574
2020-08-12,20657925,275070.0,263029.0
2020-08-13,20948019,290094.0,263513.5714285714
2020-08-14,21255092,307073.0,267033.4285714286
2020-08-15,21504118,249026.0,264719.0
2020-08-16,21714159,210041.0,261439.85714285713
2020-08-17,21927041,212882.0,258535.57142857142
2020-08-18,22186445,259404.0,257655.7142857143
2020-08-19,22463919,277474.0,257999.14285714287
2020-08-20,22735398,271479.0,255339.85714285713
2020-08-21,22997351,261953.0,248894.14285714287
2020-08-22,23260880,263529.0,250966.0
2020-08-23,23463639,202759.0,249925.7142857143
2020-08-24,23691739,228100.0,252099.7142857143
2020-08-25,23936947,245208.0,250071.7142857143
2020-08-26,24218638,281691.0,250674.14285714287
2020-08-27,24505901,287263.0,252929.0
2020-08-28,24789840,283939.0,256069.85714285713
2020-08-29,25050574,260734.0,255670.57142857142
2020-08-30,25270312,219738.0,258096.14285714287
2020-08-31,25534619,264307.0,263268.5714285714
2020-09-01,25801503,266884.0,266365.14285714284
2020-09-02,26083393,281890.0,266393.5714285714
2020-09-03,26368823,285430.0,266131.71428571426
2020-09-04,26670555,301732.0,268673.5714285714
2020-09-05,26944276,273721.0,270528.85714285716
2020-09-06,27173274,228998.0,271851.71428571426
2020-09-07,27390557,217283.0,265134.0
2020-09-08,27637069,246512.0,262223.71428571426
2020-09-09,27922379,285310.0,262712.28571428574
2020-09-10,28226772,304393.0,265421.28571428574
2020-09-11,28543134,316362.0,267511.28571428574
2020-09-12,28831859,288725.0,269654.71428571426
2020-09-13,29080694,248835.0,272488.5714285714
2020-09-14,29347834,267140.0,279611.0
2020-09-15,29628386,280552.0,284473.85714285716
2020-09-16,29933338,304952.0,287279.85714285716
2020-09-17,30248911,315573.0,288877.0
2020-09-18,30575557,326646.0,290346.14285714284
2020-09-19,30868676,293119.0,290973.85714285716
2020-09-20,31123805,255129.0,291873.0
2020-09-21,31383714,259909.0,290840.0
2020-09-22,31668033,284319.0,291378.14285714284
2020-09-23,31979686,311653.0,292335.4285714286
2020-09-24,32300639,320953.0,293104.0
2020-09-25,32631253,330614.0,293670.85714285716
2020-09-26,32917364,286111.0,292669.71428571426
2020-09-27,33164358,246994.0,291507.5714285714
2020-09-28,33425607,261249.0,291699.0
2020-09-29,33708407,282800.0,291482.0
2020-09-30,34032954,324547.0,293324.0
2020-10-01,34352066,319112.0,293061.0
2020-10-02,34681571,329505.0,292902.5714285714
2020-10-03,34978926,297355.0,294508.85714285716
2020-10-04,35239458,260532.0,296442.85714285716
2020-10-05,35550803,311345.0,303599.4285714286
2020-10-06,35866926,316123.0,308359.85714285716
2020-10-07,36216120,349194.0,311880.85714285716
2020-10-08,36575441,359321.0,317625.0
2020-10-09,36935844,360403.0,322039.0
2020-10-10,37291368,355524.0,330348.85714285716
2020-10-11,37580862,289494.0,334486.28571428574
2020-10-12,37870887,290025.0,331440.5714285714
2020-10-13,38190259,319372.0,331904.71428571426
2020-10-14,38571043,380784.0,336417.5714285714
2020-10-15,38978039,406996.0,343228.28571428574
2020-10-16,39388559,410520.0,350387.85714285716
2020-10-17,39760692,372133.0,352760.5714285714
2020-10-18,40091935,331243.0,358724.71428571426
2020-10-19,40466885,374950.0,370856.85714285716
2020-10-20,40855759,388874.0,380785.71428571426
2020-10-21,41295370,439611.0,389189.5714285714
2020-10-22,41777447,482077.0,399915.4285714286
2020-10-23,42271348,493901.0,411827.0
2020-10-24,42727693,456345.0,423857.28571428574
2020-10-25,43086526,358833.0,427798.71428571426
2020-10-26,43569570,483044.0,443240.71428571426
2020-10-27,44038033,468463.0,454610.5714285714
2020-10-28,44559802,521769.0,466347.4285714286
2020-10-29,45111177,551375.0,476247.14285714284
2020-10-30,45682919,571742.0,487367.28571428574
2020-10-31,46155024,472105.0,489618.71428571426
2020-11-01,46594213,439189.0,501098.14285714284
2020-11-02,47142582,548369.0,510430.28571428574
2020-11-03,47708096,565514.0,524294.7142857143
2020-11-04,48200240,492144.0,520062.5714285714
2020-11-05,48819574,619334.0,529771.0
2020-11-06,49442757,623183.0,537119.7142857143
2020-11-07,50041948,599191.0,555274.8571428572
2020-11-08,50532797,490849.0,562654.8571428572
2020-11-09,51042603,509806.0,557145.8571428572
2020-11-10,51613348,570745.0,557893.1428571428
2020-11-11,52238013,624665.0,576824.7142857143
2020-11-12,52878208,640195.0,579804.8571428572
2020-11-13,53539142,660934.0,585197.8571428572
2020-11-14,54126168,587026.0,583460.0
2020-11-15,54616396,490228.0,583371.2857142857
2020-11-16,55142030,525634.0,585632.4285714285
2020-11-17,55744342,602312.0,590142.0
2020-11-18,56366607,622265.0,589799.1428571428
2020-11-19,57020593,653986.0,591769.2857142857
2020-11-20,57694624,674031.0,593640.2857142857
2020-11-21,58287195,592571.0,594432.4285714285
2020-11-22,58785275,498080.0,595554.1428571428
2020-11-23,59319285,534010.0,596750.7142857143
2020-11-24,59910071,590786.0,595104.1428571428
2020-11-25,60527150,617079.0,594363.2857142857
2020-11-26,61116411,589261.0,585116.8571428572
2020-11-27,61811753,695342.0,588161.2857142857
2020-11-28,62419320,607567.0,590303.5714285715
2020-11-29,62914941,495621.0,589952.2857142857
2020-11-30,63421518,506577.0,586033.2857142857
2020-12-01,64036421,614903.0,589478.5714285715
2020-12-02,64676668,640247.0,592788.2857142857
2020-12-03,65367265,690597.0,607264.8571428572
2020-12-04,66063624,696359.0,607410.1428571428
2020-12-05,66705976,642352.0,612379.4285714285
2020-12-06,67249917,543941.0,619282.2857142857
2020-12-07,67784763,534846.0,623320.7142857143
2020-12-08,68415429,630666.0,625572.5714285715
2020-12-09,69080779,665350.0,629158.7142857143
2020-12-10,70576186,1495407.0,744131.5714285715
2020-12-11,71281937,705751.0,745473.2857142857
2020-12-12,71930627,648690.0,746378.7142857143
2020-12-13,72469421,538794.0,745643.4285714285
2020-12-14,73020577,551156.0,747973.4285714285
2020-12-15,73669198,648621.0,750538.4285714285
2020-12-16,74386740,717542.0,757994.4285714285
2020-12-17,75125342,738602.0,649879.4285714285
2020-12-18,75846780,721438.0,652120.4285714285
2020-12-19,76482285,635505.0,650236.8571428572
2020-12-20,77029586,547301.0,651452.1428571428
2020-12-21,77575808,546222.0,650747.2857142857
2020-12-22,78227265,651457.0,651152.4285714285
2020-12-23,78909360,682095.0,646088.5714285715
2020-12-24,79602751,693391.0,639629.8571428572
2020-12-25,80095975,493224.0,607027.8571428572
2020-12-26,80628619,532644.0,592333.4285714285
2020-12-27,81041813,413194.0,573175.2857142857
2020-12-28,81540998,499185.0,566455.7142857143
2020-12-29,82212873,671875.0,569372.5714285715
2020-12-30,82938173,725300.0,575544.7142857143
2020-12-31,83777901,839728.0,596450.0
2021-01-01,84341593,563692.0,606516.8571428572
2021-01-02,84945969,604376.0,616764.2857142857
2021-01-03,85466299,520330.0,632069.4285714285
2021-01-04,86023740,557441.0,640391.7142857143
2021-01-05,86764630,740890.0,650251.0
2021-01-06,87555543,790913.0,659624.2857142857
2021-01-07,88425501,869958.0,663942.8571428572
2021-01-08,89260916,835415.0,702760.4285714285
2021-01-09,90017183,756267.0,724459.1428571428
2021-01-10,90618722,601539.0,736060.4285714285
2021-01-11,91233196,614474.0,744208.0
2021-01-12,91925732,692536.0,737300.2857142857
2021-01-13,92669005,743273.0,730494.5714285715
2021-01-14,93428063,759058.0,714651.7142857143
2021-01-15,94211916,783853.0,707285.7142857143
2021-01-16,94868788,656872.0,693086.4285714285
2021-01-17,95396398,527610.0,682525.1428571428
2021-01-18,95913645,517247.0,668635.5714285715
2021-01-19,96506427,592782.0,654385.0
2021-01-20,97193633,687206.0,646375.4285714285
2021-01-21,97862389,668756.0,633475.1428571428
2021-01-22,98525875,663486.0,616279.8571428572
2021-01-23,99102591,576716.0,604829.0
2021-01-24,99564573,461982.0,595453.5714285715
2021-01-25,100046125,481552.0,590354.2857142857
2021-01-26,100607437,561312.0,585858.5714285715
2021-01-27,101208401,600964.0,573538.2857142857
2021-01-28,101823516,615115.0,565875.2857142857
2021-01-29,102412498,588982.0,555231.8571428572
2021-01-30,102927362,514864.0,546395.8571428572
2021-01-31,103323971,396609.0,537056.8571428572
2021-02-01,103766973,443002.0,531549.7142857143
2021-02-02,104232427,465454.0,517855.71428571426
2021-02-03,104757676,525249.0,507039.28571428574
2021-02-04,105229450,471774.0,486562.0
2021-02-05,105765955,536505.0,479065.28571428574
2021-02-06,106201153,435198.0,467684.4285714286
2021-02-07,106552701,351548.0,461247.14285714284
2021-02-08,106892618,339917.0,446520.71428571426
2021-02-09,107299908,407290.0,438211.5714285714
2021-02-10,107740372,440464.0,426099.4285714286
2021-02-11,108184139,443767.0,422098.4285714286
2021-02-12,108613728,429589.0,406824.71428571426
2021-02-13,108994216,380488.0,399009.0
2021-02-14,109302861,308645.0,392880.0
2021-02-15,109583683,280822.0,384437.85714285716
2021-02-16,109943476,359793.0,377652.5714285714
2021-02-17,110329855,386379.0,369926.14285714284
2021-02-18,110740655,410800.0,365216.5714285714
2021-02-19,111150317,409662.0,362369.85714285716
2021-02-20,111525527,375210.0,361615.85714285716
2021-02-21,111845090,319563.0,363175.5714285714
2021-02-22,112140659,295569.0,365282.28571428574
2021-02-23,112533401,392742.0,369989.28571428574
2021-02-24,112978331,444930.0,378353.71428571426
2021-02-25,113431295,452964.0,384377.14285714284
2021-02-26,113873235,441940.0,388988.28571428574
2021-02-27,114269972,396737.0,392063.5714285714
2021-02-28,114577757,307785.0,390381.0
2021-03-01,114883258,305501.0,391799.85714285716
2021-03-02,115196521,313263.0,380445.71428571426
2021-03-03,115638367,441846.0,380005.14285714284
2021-03-04,116096775,458408.0,380782.85714285716
2021-03-05,116545872,449097.0,381805.28571428574
2021-03-06,116959899,414027.0,384275.28571428574
2021-03-07,117334343,374444.0,393798.0
2021-03-08,117639812,305469.0,393793.4285714286
2021-03-09,118053856,414044.0,408190.71428571426
2021-03-10,118512723,458867.0,410622.28571428574
2021-03-11,119002403,489680.0,415089.71428571426
2021-03-12,119491651,489248.0,420825.5714285714
2021-03-13,119947247,455596.0,426764.0
2021-03-14,120312322,365075.0,425425.5714285714
2021-03-15,120666406,354084.0,432370.5714285714
2021-03-16,121133440,467034.0,439940.5714285714
2021-03-17,121679156,545716.0,452347.5714285714
2021-03-18,122227085,547929.0,460668.85714285716
2021-03-19,122789624,562539.0,471139.0
2021-03-20,123288071,498447.0,477260.5714285714
2021-03-21,123728540,440469.0,488031.14285714284
2021-03-22,124149731,421191.0,497617.85714285716
2021-03-23,124655570,505839.0,503161.4285714286
2021-03-24,125285269,629699.0,515159.0
2021-03-25,125937462,652193.0,530053.8571428572
2021-03-26,126577504,640042.0,541125.7142857143
2021-03-27,127162037,584533.0,553423.7142857143
2021-03-28,127654691,492654.0,560878.7142857143
2021-03-29,128113967,459276.0,566319.4285714285
2021-03-30,128676173,562206.0,574371.8571428572
2021-03-31,129350069,673896.0,580685.7142857143
2021-04-01,130059888,709819.0,588918.0
2021-04-02,130704673,644785.0,589595.5714285715
2021-04-03,131245023,540350.0,583283.7142857143
2021-04-04,131804945,559922.0,592893.4285714285
2021-04-05,132301934,496989.0,598281.0
2021-04-06,132909428,607494.0,604750.7142857143
2021-04-07,133572567,663139.0,603214.0
2021-04-08,134408623,836056.0,621247.8571428572
2021-04-09,135155941,747318.0,635895.4285714285
2021-04-10,135826585,670644.0,654508.8571428572
2021-04-11,136536197,709612.0,675893.1428571428
2021-04-12,137150043,613846.0,692587.0
2021-04-13,137913867,763824.0,714919.8571428572
2021-04-14,138725181,811314.0,736087.7142857143
2021-04-15,139546412,821231.0,733969.8571428572
2021-04-16,140406262,859850.0,750045.8571428572
2021-04-17,141200249,793987.0,767666.2857142857
2021-04-18,141900359,700110.0,766308.8571428572
2021-04-19,142591291,690932.0,777321.1428571428
2021-04-20,143430888,839597.0,788145.8571428572
2021-04-21,144320130,889242.0,799278.4285714285
2021-04-22,145219531,899401.0,810445.5714285715
2021-04-23,146127190,907659.0,817275.4285714285
2021-04-24,146951420,824230.0,821595.8571428572
2021-04-25,147679906,728486.0,825649.5714285715
2021-04-26,148368956,689050.0,825380.7142857143
2021-04-27,149208078,839122.0,825312.8571428572
2021-04-28,150106869,898791.0,826677.0
2021-04-29,151000904,894035.0,825910.4285714285
2021-04-30,151892273,891369.0,823583.2857142857
2021-05-01,152687183,794910.0,819394.7142857143
2021-05-02,153374454,687271.0,813506.8571428572
2021-05-03,154064911,690457.0,813707.8571428572
2021-05-04,154849867,784956.0,805969.8571428572
2021-05-05,155691868,842001.0,797857.0
2021-05-06,156564714,872846.0,794830.0
2021-05-07,157399540,834826.0,786752.4285714285
2021-05-08,158187838,788298.0,785807.8571428572
2021-05-09,158837247,649409.0,780399.0
2021-05-10,159462891,625644.0,771140.0
2021-05-11,160188690,725799.0,762689.0
2021-05-12,160956177,767487.0,752044.1428571428
2021-05-13,161690876,734699.0,732308.8571428572
2021-05-14,162400441,709565.0,714414.4285714285
2021-05-15,163032053,631612.0,692030.7142857143
2021-05-16,163578675,546622.0,677346.8571428572
2021-05-17,164122217,543542.0,665618.0
2021-05-18,164741855,619638.0,650452.1428571428
2021-05-19,165413900,672045.0,636817.5714285715
2021-05-20,165696206,282306.0,572190.0
2021-05-21,166322681,626475.0,560320.0
2021-05-22,166895042,572361.0,551855.5714285715
2021-05-23,167376665,481623.0,542570.0
2021-05-24,167827743,451078.0,529360.8571428572
2021-05-25,168361150,533407.0,517042.14285714284
2021-05-26,168929578,568428.0,502239.71428571426
2021-05-27,169476475,546897.0,540038.4285714285
2021-05-28,169981986,505511.0,522757.85714285716
2021-05-29,170462406,480420.0,509623.4285714286
2021-05-30,170852353,389947.0,496526.85714285716
2021-05-31,171239409,387056.0,487380.85714285716
2021-06-01,171699413,460004.0,476894.71428571426
2021-06-02,172187041,487628.0,465351.85714285716
2021-06-03,172667540,480499.0,455866.4285714286
2021-06-04,173092431,424891.0,444349.28571428574
2021-06-05,173489082,396651.0,432382.28571428574
2021-06-06,173812063,322981.0,422815.71428571426
2021-06-07,174133830,321767.0,413488.71428571426
2021-06-08,174503947,370117.0,400647.71428571426
2021-06-09,174922239,418292.0,390742.5714285714
2021-06-10,175375743,453504.0,386886.14285714284
2021-06-11,175797780,422037.0,386478.4285714286
2021-06-12,176166160,368380.0,382439.71428571426
2021-06-13,176468961,302801.0,379556.85714285716
2021-06-14,176778263,309302.0,377776.14285714284
2021-06-15,177153020,374757.0,378439.0
2021-06-16,177542195,389175.0,374279.4285714286
2021-06-17,177938190,395995.0,366063.85714285716
2021-06-18,178341697,403507.0,363416.71428571426
2021-06-19,178688995,347298.0,360405.0
2021-06-20,178993759,304764.0,360685.4285714286
2021-06-21,179290414,296655.0,358878.71428571426
2021-06-22,179700628,410214.0,363944.0
2021-06-23,180097251,396623.0,365008.0
2021-06-24,180506510,409259.0,366902.85714285716
2021-06-25,180924178,417668.0,368925.85714285716
2021-06-26,181287075,362897.0,371154.28571428574
2021-06-27,181598311,311236.0,372078.85714285716
2021-06-28,181931329,333018.0,377273.5714285714
2021-06-29,182312537,381208.0,373129.85714285716
2021-06-30,182712005,399468.0,373536.28571428574
2021-07-01,183147547,435542.0,377291.0
2021-07-02,183589889,442342.0,380815.85714285716
2021-07-03,183963716,373827.0,382377.28571428574
2021-07-04,184291460,327744.0,384735.5714285714
2021-07-05,184669377,377917.0,391149.71428571426
2021-07-06,185119908,450531.0,401053.0
2021-07-07,185585150,465242.0,410449.28571428574
2021-07-08,186067029,481879.0,417068.85714285716
2021-07-09,186580265,513236.0,427196.5714285714
2021-07-10,187001378,421113.0,433951.71428571426
2021-07-11,187371270,369892.0,439972.85714285716
2021-07-12,187805434,434164.0,448008.14285714284
2021-07-13,188331093,525659.0,458740.71428571426
2021-07-14,188869075,537982.0,469132.14285714284
2021-07-15,189445502,576427.0,482639.0
2021-07-16,190041440,595938.0,494453.5714285714
2021-07-17,190530290,488850.0,504130.28571428574
2021-07-18,190950499,420209.0,511318.4285714286
2021-07-19,191439966,489467.0,519218.85714285716
2021-07-20,191972385,532419.0,520184.5714285714
2021-07-21,192528493,556108.0,522774.0
2021-07-22,193093682,565189.0,521168.5714285714
2021-07-23,193821822,728140.0,540054.5714285715
2021-07-24,194253741,431919.0,531921.5714285715
2021-07-25,194699355,445614.0,535550.8571428572
2021-07-26,195239982,540627.0,542859.4285714285
2021-07-27,195846312,606330.0,553418.1428571428
2021-07-28,196496395,650083.0,566843.1428571428
2021-07-29,197139264,642869.0,577940.2857142857
2021-07-30,197871618,732354.0,578542.2857142857
2021-07-31,198388963,517345.0,590746.0
2021-08-01,198872031,483068.0,596096.5714285715
2021-08-02,199443134,571103.0,600450.2857142857
2021-08-03,200077409,634275.0,604442.4285714285
2021-08-04,200757867,680458.0,608781.7142857143
2021-08-05,201443489,685622.0,614889.2857142857
2021-08-06,202263015,819526.0,627342.4285714285
2021-08-07,202824284,561269.0,633617.2857142857
2021-08-08,203292001,467717.0,631424.2857142857
2021-08-09,203911084,619083.0,638278.5714285715
2021-08-10,204556896,645812.0,639926.7142857143
2021-08-11,205287589,730693.0,647103.1428571428
2021-08-12,205993331,705742.0,649977.4285714285
2021-08-13,206795126,801795.0,647444.4285714285
2021-08-14,207348037,552911.0,646250.4285714285
2021-08-15,207814728,466691.0,646103.8571428572
2021-08-16,208479072,664344.0,652569.7142857143
2021-08-17,209161759,682687.0,657837.5714285715
2021-08-18,209897402,735643.0,658544.7142857143
2021-08-19,210609136,711734.0,659400.7142857143
2021-08-20,211394349,785213.0,657031.8571428572
2021-08-21,211953403,559054.0,657909.4285714285
2021-08-22,212401483,448080.0,655250.7142857143
2021-08-23,213085677,684194.0,658086.4285714285
2021-08-24,213762450,676773.0,657241.5714285715
2021-08-25,214499861,737411.0,657494.1428571428
2021-08-26,215236310,736449.0,661024.8571428572
2021-08-27,215987433,751123.0,656154.8571428572
2021-08-28,216544613,557180.0,655887.1428571428
2021-08-29,216991443,446830.0,655708.5714285715
2021-08-30,217663294,671851.0,653945.2857142857
2021-08-31,218283956,620662.0,645929.4285714285
2021-09-01,219003036,719080.0,643310.7142857143
2021-09-02,219679811,676775.0,634785.8571428572
2021-09-03,220403384,723573.0,630850.1428571428
2021-09-04,220900095,496711.0,622211.7142857143
2021-09-05,221347067,446972.0,622232.0
2021-09-06,221824840,477773.0,594506.5714285715
2021-09-07,222481330,656490.0,599624.8571428572
2021-09-08,223119041,637711.0,588000.7142857143
2021-09-09,223759186,640145.0,582767.8571428572
2021-09-10,224417897,658711.0,573501.8571428572
2021-09-11,224886419,468522.0,569474.8571428572
2021-09-12,225257822,371403.0,558679.2857142857
2021-09-13,225835724,577902.0,572983.4285714285
2021-09-14,226385553,549829.0,557746.1428571428
2021-09-15,226952404,566851.0,547623.2857142857
2021-09-16,227539758,587354.0,540081.7142857143
2021-09-17,228162977,623219.0,535011.4285714285
2021-09-18,228686848,523871.0,542918.4285714285
2021-09-19,229050245,363397.0,541774.7142857143
2021-09-20,229580436,530191.0,534958.8571428572
2021-09-21,230069116,488680.0,526223.2857142857
2021-09-22,230604094,534978.0,521670.0
2021-09-23,231151724,547630.0,515995.14285714284
2021-09-24,231700970,549246.0,505427.5714285714
2021-09-25,232074972,374002.0,484017.71428571426
2021-09-26,232430791,355819.0,482935.14285714284
2021-09-27,232913560,482769.0,476160.5714285714
2021-09-28,233364537,450977.0,470774.4285714286
2021-09-29,233855514,490977.0,464488.5714285714
2021-09-30,234345411,489897.0,456241.0
2021-10-01,234867413,522002.0,452349.0
2021-10-02,235218055,350642.0,449011.85714285716
2021-10-03,235527098,309043.0,442329.5714285714
2021-10-04,235974162,447064.0,437228.85714285716
2021-10-05,236397011,422849.0,433210.5714285714
2021-10-06,236904064,507053.0,435507.14285714284
2021-10-07,237365898,461834.0,431498.14285714284
2021-10-08,237841318,475420.0,424843.5714285714
2021-10-09,238181522,340204.0,423352.4285714286
2021-10-10,238497975,316453.0,424411.0
2021-10-11,238885963,387988.0,415971.5714285714
2021-10-12,239324171,438208.0,418165.71428571426
2021-10-13,239780593,456422.0,410932.71428571426
2021-10-14,240233989,453396.0,409727.28571428574
2021-10-15,240691975,457986.0,407236.71428571426
2021-10-16,241033333,341358.0,407401.5714285714
2021-10-17,241346634,313301.0,406951.28571428574
2021-10-18,241774420,427786.0,412636.71428571426
2021-10-19,242205988,431568.0,411688.14285714284
2021-10-20,242682297,476309.0,414529.14285714284
2021-10-21,243144347,462050.0,415765.4285714286
2021-10-22,243637171,492824.0,420742.28571428574
2021-10-23,244007429,370258.0,424870.85714285716
2021-10-24,244316632,309203.0,424285.4285714286
2021-10-25,244769032,452400.0,427801.71428571426
2021-10-26,245195503,426471.0,427073.5714285714
2021-10-27,245709500,513997.0,432457.5714285714
2021-10-28,246192526,483026.0,435454.14285714284
2021-10-29,246686609,494083.0,435634.0
2021-10-30,247061222,374613.0,436256.14285714284
2021-10-31,247410069,348847.0,441919.5714285714
2021-11-01,247867714,457645.0,442668.85714285716
2021-11-02,248272163,404449.0,439522.85714285716
2021-11-03,248796955,524792.0,441065.0
2021-11-04,249314412,517457.0,445983.71428571426
2021-11-05,249838694,524282.0,450297.85714285716
2021-11-06,250244443,405749.0,454745.85714285716
2021-11-07,250585142,340699.0,453581.85714285716
2021-11-08,251110190,525048.0,463210.85714285716
2021-11-09,251579604,469414.0,472491.5714285714
2021-11-10,252153133,573529.0,479454.0
2021-11-11,252674016,520883.0,479943.4285714286
2021-11-12,253273769,599753.0,490725.0
2021-11-13,253669493,395724.0,489292.85714285716
2021-11-14,254017772,348279.0,490375.71428571426
2021-11-15,254619358,601586.0,501309.71428571426
2021-11-16,255126183,506825.0,506654.14285714284
2021-11-17,255741392,615209.0,512608.4285714286
2021-11-18,256363049,621657.0,527004.7142857143
2021-11-19,256977686,614637.0,529131.0
2021-11-20,257415702,438016.0,535172.7142857143
2021-11-21,257795494,379792.0,539674.5714285715
2021-11-22,258500149,704655.0,554398.7142857143
2021-11-23,259092742,592593.0,566651.2857142857
2021-11-24,259750647,657905.0,572750.7142857143
2021-11-25,260347868,597221.0,569259.8571428572
2021-11-26,260961559,613691.0,569124.7142857143
2021-11-27,261380364,418805.0,566380.2857142857
2021-11-28,261770154,389790.0,567808.5714285715
2021-11-29,262512493,742339.0,573192.0
2021-11-30,263112960,600467.0,574316.8571428572
2021-12-01,263815424,702464.0,580682.4285714285
2021-12-02,264522661,707237.0,596399.0
2021-12-03,265253499,730838.0,613134.2857142857
2021-12-04,265725709,472210.0,620763.5714285715
2021-12-05,266145510,419801.0,625050.8571428572
2021-12-06,266849232,703722.0,619534.1428571428
2021-12-07,267488479,639247.0,625074.1428571428
2021-12-08,268199823,711344.0,626342.7142857143
2021-12-09,268898207,698384.0,625078.0
2021-12-10,269591741,693534.0,619748.8571428572
2021-12-11,270058645,466904.0,618990.8571428572
2021-12-12,270485195,426550.0,619955.0
2021-12-13,271179078,693883.0,618549.4285714285
2021-12-14,271815875,636797.0,618199.4285714285
2021-12-15,272556049,740174.0,622318.0
2021-12-16,273300276,744227.0,628867.0
2021-12-17,274067842,767566.0,639443.0
2021-12-18,274597784,529942.0,648448.4285714285
2021-12-19,275082740,484956.0,656792.1428571428
2021-12-20,275892806,810066.0,673389.7142857143
2021-12-21,276651467,758661.0,690798.8571428572
2021-12-22,277565950,914483.0,715700.1428571428
2021-12-23,278577978,1012028.0,753957.4285714285
2021-12-24,279434078,856100.0,766605.1428571428
2021-12-25,280116070,681992.0,788326.5714285715
2021-12-26,280691549,575479.0,801258.4285714285
2021-12-27,282033168,1341619.0,877194.5714285715
2021-12-28,283369539,1336371.0,959724.5714285715
2021-12-29,285074406,1704867.0,1072636.5714285714
2021-12-30,287024532,1950126.0,1206650.5714285714
2021-12-31,288727570,1703038.0,1327641.7142857143
2022-01-01,289930707,1203137.0,1402091.0
2022-01-02,290849218,918511.0,1451095.5714285714
2022-01-03,293187599,2338381.0,1593490.142857143
2022-01-04,295801026,2613427.0,1775926.7142857143
2022-01-05,298385035,2584009.0,1901518.4285714286
2022-01-06,301054257,2669222.0,2004246.4285714286
2022-01-07,304007895,2953638.0,2182903.5714285714
2022-01-08,306144479,2136584.0,2316253.1428571427
2022-01-09,308149561,2005082.0,2471477.5714285714
2022-01-10,311401276,3251715.0,2601953.8571428573
2022-01-11,314431683,3030407.0,2661522.4285714286
2022-01-12,317878337,3446654.0,2784757.4285714286
2022-01-13,321065442,3187105.0,2858740.714285714
2022-01-14,324381895,3316453.0,2910571.4285714286
2022-01-15,326809658,2427763.0,2952168.4285714286
2022-01-16,328980857,2171199.0,2975899.4285714286
2022-01-17,331758670,2777813.0,2908199.1428571427
2022-01-18,335523274,3764604.0,3013084.4285714286
2022-01-19,339606555,4083281.0,3104031.1428571427
2022-01-20,343340849,3734294.0,3182201.0
2022-01-21,347150966,3810117.0,3252724.4285714286
2022-01-22,349800752,2649786.0,3284442.0
2022-01-23,352184090,2383338.0,3314747.5714285714
2022-01-24,355816950,3632860.0,3436897.1428571427
2022-01-25,359470764,3653814.0,3421070.0
2022-01-26,363232437,3761673.0,3375126.0
2022-01-27,366932169,3699732.0,3370188.5714285714
2022-01-28,370611098,3678929.0,3351447.4285714286
2022-01-29,373174640,2563542.0,3339126.8571428573
2022-01-30,375351659,2177019.0,3309652.714285714
2022-01-31,379211134,3859475.0,3342026.285714286
2022-02-01,382340866,3129732.0,3267157.4285714286
2022-02-02,385525511,3184645.0,3184724.8571428573
2022-02-03,388719588,3194077.0,3112488.4285714286
2022-02-04,391675153,2955565.0,3009150.714285714
2022-02-05,393778786,2103633.0,2943449.4285714286
2022-02-06,395541595,1762809.0,2884276.5714285714
2022-02-07,398515711,2974116.0,2757796.714285714
2022-02-08,401115401,2599690.0,2682076.4285714286
2022-02-09,403548396,2432995.0,2574697.8571428573
2022-02-10,406362670,2814274.0,2520440.285714286
2022-02-11,408787507,2424837.0,2444622.0
2022-02-12,410512618,1725111.0,2390547.4285714286
2022-02-13,411918558,1405940.0,2339566.1428571427
2022-02-14,413961442,2042884.0,2206533.0
2022-02-15,415832232,1870790.0,2102404.4285714286
2022-02-16,418072038,2239806.0,2074806.0
2022-02-17,420134951,2062913.0,1967468.7142857143
2022-02-18,422118385,1983434.0,1904411.142857143
2022-02-19,423595466,1477081.0,1868978.2857142857
2022-02-20,424788999,1193533.0,1838634.4285714286
2022-02-21,426494657,1705658.0,1790459.2857142857
2022-02-22,428168381,1673724.0,1762307.0
2022-02-23,430085869,1917488.0,1716261.5714285714
2022-02-24,431873780,1787911.0,1676975.5714285714
2022-02-25,433528086,1654306.0,1629957.2857142857
2022-02-26,434802074,1273988.0,1600944.0
2022-02-27,435854228,1052154.0,1580747.0
2022-02-28,437463106,1608878.0,1566921.2857142857
2022-03-01,439061843,1598737.0,1556208.857142857
2022-03-02,440721718,1659875.0,1519407.0
2022-03-03,442496925,1775207.0,1517592.142857143
2022-03-04,444259349,1762424.0,1533037.5714285714
2022-03-05,445549680,1290331.0,1535372.2857142857
2022-03-06,446659426,1109746.0,1543599.7142857143
2022-03-07,448400899,1741473.0,1562541.857142857
2022-03-08,449985198,1584299.0,1560479.2857142857
2022-03-09,451975378,1990180.0,1607665.7142857143
2022-03-10,453846359,1870981.0,1621347.7142857143
2022-03-11,455718959,1872600.0,1637087.142857143
2022-03-12,457279666,1560707.0,1675712.2857142857
2022-03-13,458417311,1137645.0,1679697.857142857
2022-03-14,460415221,1997910.0,1716331.7142857143
2022-03-15,462224623,1809402.0,1748489.2857142857
2022-03-16,464463484,2238861.0,1784015.142857143
2022-03-17,466541388,2077904.0,1813575.5714285714
2022-03-18,468432915,1891527.0,1816279.4285714286
2022-03-19,469912294,1479379.0,1804661.142857143
2022-03-20,470873122,960828.0,1779401.5714285714
2022-03-21,472753007,1879885.0,1762540.857142857
2022-03-22,474730230,1977223.0,1786515.2857142857
2022-03-23,476534133,1803903.0,1724378.4285714286
2022-03-24,478318334,1784201.0,1682420.857142857
2022-03-25,480077905,1759571.0,1663570.0
2022-03-26,481202314,1124409.0,1612860.0
2022-03-27,482053075,850761.0,1597136.142857143
2022-03-28,483897372,1844297.0,1592052.142857143
2022-03-29,485649194,1751822.0,1559852.0
2022-03-30,487246869,1597675.0,1530390.857142857
2022-03-31,488810140,1563271.0,1498829.4285714286
2022-04-01,490229162,1419022.0,1450179.5714285714
2022-04-02,491101823,872661.0,1414215.5714285714
2022-04-03,491794968,693145.0,1391699.0
2022-04-04,493028318,1233350.0,1304420.857142857
2022-04-05,494393715,1365397.0,1249217.2857142857
2022-04-06,495613686,1219971.0,1195259.5714285714
2022-04-07,496892033,1278347.0,1154556.142857143
2022-04-08,498066430,1174397.0,1119609.7142857143
2022-04-09,498808685,742255.0,1100980.2857142857
2022-04-10,499370298,561613.0,1082190.0
2022-04-11,500356625,986327.0,1046901.0
2022-04-12,501476211,1119586.0,1011785.1428571428
2022-04-13,502551237,1075026.0,991078.7142857143
2022-04-14,503513840,962603.0,945972.4285714285
2022-04-15,504172825,658985.0,872342.1428571428
2022-04-16,504727283,554458.0,845514.0
2022-04-17,505135045,407762.0,823535.2857142857
2022-04-18,505592306,457261.0,747954.4285714285
2022-04-19,506610427,1018121.0,733459.4285714285
2022-04-20,507572143,961716.0,717272.2857142857
2022-04-21,508493843,921700.0,711429.0
2022-04-22,509325352,831509.0,736075.2857142857
2022-04-23,509804127,478775.0,725263.4285714285
2022-04-24,510169480,365353.0,719205.0
2022-04-25,510806486,637006.0,744882.8571428572
2022-04-26,511585431,778945.0,710714.8571428572
2022-04-27,512269824,684393.0,671097.2857142857
2022-04-28,513029099,759275.0,647893.7142857143
2022-04-29,513673542,644443.0,621170.0
2022-04-30,514027282,353740.0,603307.8571428572
2022-05-01,514336703,309421.0,595317.5714285715
2022-05-02,514784133,447430.0,568235.2857142857
2022-05-03,515456188,672055.0,552965.2857142857
2022-05-04,516083683,627495.0,544837.0
2022-05-05,516683317,599634.0,522031.14285714284
2022-05-06,517314204,630887.0,520094.5714285714
2022-05-07,517653537,339333.0,518036.4285714286
2022-05-08,517932390,278853.0,513669.5714285714
2022-05-09,518622817,690427.0,548383.4285714285
2022-05-10,519264078,641261.0,543984.2857142857
2022-05-11,519958787,694709.0,553586.2857142857
2022-05-12,520611432,652645.0,561159.2857142857
2022-05-13,521184393,572961.0,552884.1428571428
2022-05-14,521623119,438726.0,567083.1428571428
2022-05-15,521996771,373652.0,580625.8571428572
2022-05-16,522587201,590430.0,566340.5714285715
2022-05-17,523195567,608366.0,561641.2857142857
2022-05-18,523956178,760611.0,571055.8571428572
2022-05-19,524552246,596068.0,562973.4285714285
2022-05-20,525178358,626112.0,570566.4285714285
2022-05-21,525545521,367163.0,560343.1428571428
2022-05-22,525861335,315814.0,552080.5714285715
2022-05-23,526354483,493148.0,538183.1428571428
2022-05-24,526949075,594592.0,536215.4285714285
2022-05-25,527593034,643959.0,519550.85714285716
2022-05-26,528095772,502738.0,506218.0
2022-05-27,528665428,569656.0,498152.85714285716
2022-05-28,528994457,329029.0,492705.14285714284
2022-05-29,529271152,276695.0,487116.71428571426
2022-05-30,529615503,344351.0,465860.0
2022-05-31,530240848,625345.0,470253.28571428574
2022-06-01,530939255,698407.0,478031.5714285714
2022-06-02,531469995,530740.0,482031.85714285716
2022-06-03,532013549,543554.0,478303.0
2022-06-04,532266630,253081.0,467453.28571428574
2022-06-05,532529617,262987.0,465495.0
2022-06-06,532964526,434909.0,478431.85714285716
2022-06-07,533576186,611660.0,476476.85714285716
2022-06-08,534282765,706579.0,477644.28571428574
2022-06-09,534847810,565045.0,482545.0
2022-06-10,535404573,556763.0,484432.0
2022-06-11,535688364,283791.0,488819.14285714284
2022-06-12,535886612,198248.0,479570.71428571426
2022-06-13,536414429,527817.0,492843.28571428574
2022-06-14,537271482,857053.0,527899.4285714285
2022-06-15,537993575,722093.0,530115.7142857143
2022-06-16,538576417,582842.0,532658.1428571428
2022-06-17,539109430,533013.0,529265.2857142857
2022-06-18,539338021,228591.0,521379.5714285714
2022-06-19,539606520,268499.0,531415.4285714285
2022-06-20,540361724,755204.0,563899.2857142857
2022-06-21,541177788,816064.0,558043.7142857143
2022-06-22,541983607,805819.0,570004.5714285715
2022-06-23,542767238,783631.0,598688.7142857143
2022-06-24,543544572,777334.0,633591.7142857143
2022-06-25,543861495,316923.0,646210.5714285715
2022-06-26,544148259,286764.0,648819.8571428572
2022-06-27,545020643,872384.0,665559.8571428572
2022-06-28,545962598,941955.0,683544.2857142857
2022-06-29,546895413,932815.0,701686.5714285715
2022-06-30,547973596,1078183.0,743765.4285714285
2022-07-01,548924770,951174.0,768599.7142857143
2022-07-02,549284207,359437.0,774673.1428571428
2022-07-03,549642691,358484.0,784918.8571428572
2022-07-04,550494781,852090.0,782019.7142857143
2022-07-05,551700073,1205292.0,819639.2857142857
2022-07-06,552925393,1225320.0,861425.7142857143
2022-07-07,553978516,1053123.0,857845.7142857143
2022-07-08,554985164,1006648.0,865770.5714285715
2022-07-09,555489004,503840.0,886399.5714285715
2022-07-10,555911872,422868.0,895597.2857142857
2022-07-11,556965150,1053278.0,924338.4285714285
2022-07-12,558188173,1223023.0,926871.4285714285
2022-07-13,559615248,1427075.0,955693.5714285715
2022-07-14,560617616,1002368.0,948442.8571428572
2022-07-15,561620154,1002538.0,947855.7142857143
2022-07-16,562173157,553003.0,954879.0
2022-07-17,562632599,459442.0,960103.8571428572
2022-07-18,563830642,1198043.0,980784.5714285715
2022-07-19,565375421,1544779.0,1026749.7142857143
2022-07-20,566977517,1602096.0,1051752.7142857143
2022-07-21,568131589,1154072.0,1073424.7142857143
2022-07-22,569226888,1095299.0,1086676.2857142857
2022-07-23,569863708,636820.0,1098650.142857143
2022-07-24,570414799,551091.0,1111742.857142857
2022-07-25,571388498,973699.0,1079693.7142857143
2022-07-26,572585158,1196660.0,1029962.4285714285
2022-07-27,574011783,1426625.0,1004895.1428571428
2022-07-28,575127916,1116133.0,999475.2857142857
2022-07-29,576503321,1375405.0,1039490.4285714285
2022-07-30,577079572,576251.0,1030837.7142857143
2022-07-31,577624329,544757.0,1029932.8571428572
2022-08-01,578497547,873218.0,1015578.4285714285
2022-08-02,579688126,1190579.0,1014709.7142857143
2022-08-03,580843606,1155480.0,975974.7142857143
2022-08-04,582297786,1454180.0,1024267.1428571428
2022-08-05,583199119,901333.0,956542.5714285715
2022-08-06,584377440,1178321.0,1042552.5714285715
2022-08-07,584875364,497924.0,1035862.1428571428
2022-08-08,585691601,816237.0,1027722.0
2022-08-09,586731837,1040236.0,1006244.4285714285
2022-08-10,587758874,1027037.0,987895.4285714285
2022-08-11,588764348,1005474.0,923794.5714285715
2022-08-12,589517327,752979.0,902601.1428571428
2022-08-13,590153891,636564.0,825207.2857142857
2022-08-14,590614645,460754.0,819897.2857142857
2022-08-15,591469928,855283.0,825475.2857142857
2022-08-16,592553235,1083307.0,831628.2857142857
2022-08-17,593543752,990517.0,826411.1428571428
2022-08-18,594488513,944761.0,817737.8571428572
2022-08-19,595289981,801468.0,824664.8571428572
2022-08-20,595864409,574428.0,815788.2857142857
2022-08-21,596348943,484534.0,819185.4285714285
2022-08-22,597060098,711155.0,798595.7142857143
2022-08-23,597949251,889153.0,770859.4285714285
2022-08-24,598833822,884571.0,755724.2857142857
2022-08-25,599698827,865005.0,744330.5714285715
2022-08-26,600401182,702355.0,730171.5714285715
2022-08-27,600853861,452679.0,712778.8571428572
2022-08-28,601260106,406245.0,701594.7142857143
2022-08-29,601837244,577138.0,682449.4285714285
2022-08-30,602585140,747896.0,662269.8571428572
2022-08-31,603338319,753179.0,643499.5714285715
2022-09-01,604018083,679764.0,617036.5714285715
2022-09-02,604675566,657483.0,610626.2857142857
2022-09-03,605052248,376682.0,599769.5714285715
2022-09-04,605422637,370389.0,594647.2857142857
2022-09-05,605880427,457790.0,577597.5714285715
2022-09-06,606554276,673849.0,567019.4285714285
2022-09-07,607170825,616549.0,547500.8571428572
2022-09-08,607754785,583960.0,533814.5714285715
2022-09-09,608280413,525628.0,514978.14285714284
2022-09-10,608593645,313232.0,505913.85714285716
2022-09-11,608907938,314293.0,497900.14285714284
2022-09-12,609393020,485082.0,501799.0
2022-09-13,609941497,548477.0,483888.71428571426
2022-09-14,610639522,698025.0,495528.14285714284
2022-09-15,611250820,611298.0,499433.5714285714
2022-09-16,611706716,455896.0,489471.85714285716
2022-09-17,612001813,295097.0,486881.14285714284
2022-09-18,612256390,254577.0,478350.28571428574
2022-09-19,612673242,416852.0,468603.14285714284
2022-09-20,613226851,553609.0,469336.28571428574
2022-09-21,613745029,518178.0,443643.85714285716
2022-09-22,614364669,619640.0,444835.5714285714
2022-09-23,614882730,518061.0,453716.28571428574
2022-09-24,615147895,265165.0,449440.28571428574
2022-09-25,615370818,222923.0,444918.28571428574
2022-09-26,615793498,422680.0,445750.85714285716
2022-09-27,616393037,599539.0,452312.28571428574
2022-09-28,616942995,549958.0,456852.28571428574
2022-09-29,617587128,644133.0,460351.28571428574
2022-09-30,618059651,472523.0,453845.85714285716
2022-10-01,618300708,241057.0,450401.85714285716
2022-10-02,618501417,200709.0,447228.4285714286
2022-10-03,618821283,319866.0,432540.71428571426
2022-10-04,619421472,600189.0,432633.5714285714
2022-10-05,620004476,583004.0,437354.4285714286
2022-10-06,620645079,640603.0,436850.14285714284
2022-10-07,621220306,575227.0,451522.14285714284
2022-10-08,621439323,219017.0,448373.5714285714
2022-10-09,621658275,218952.0,450979.71428571426
2022-10-10,622111908,453633.0,470089.28571428574
2022-10-11,622802115,690207.0,482949.0
2022-10-12,623352498,550383.0,478288.85714285716
2022-10-13,624015392,662894.0,481473.28571428574
2022-10-14,624493287,477895.0,467568.71428571426
2022-10-15,624711376,218089.0,467436.14285714284
2022-10-16,624903546,192170.0,463610.14285714284
2022-10-17,625380041,476495.0,466876.14285714284
2022-10-18,626008751,628710.0,458090.85714285716
2022-10-19,626535710,526959.0,454744.5714285714
2022-10-20,627131098,595388.0,445100.85714285716
2022-10-21,627562312,431214.0,438432.14285714284
2022-10-22,627744653,182341.0,433325.28571428574
2022-10-23,627905453,160800.0,428843.85714285716
2022-10-24,628291437,385984.0,415913.71428571426
2022-10-25,628886386,594949.0,411090.71428571426
2022-10-26,629353410,467024.0,402528.5714285714
2022-10-27,629824283,470873.0,384740.71428571426
2022-10-28,630188131,363848.0,375117.0
2022-10-29,630387240,199109.0,377512.4285714286
2022-10-30,630554553,167313.0,378442.85714285716
2022-10-31,630854866,300313.0,366204.14285714284
2022-11-01,631256502,401636.0,338588.0
2022-11-02,631604832,348330.0,321631.71428571426
2022-11-03,632098439,493607.0,324879.4285714286
2022-11-04,632542929,444490.0,336399.71428571426
2022-11-05,632744251,201322.0,336715.85714285716
2022-11-06,632930894,186643.0,339477.28571428574
2022-11-07,633235491,304597.0,340089.28571428574
2022-11-08,633686307,450816.0,347115.0
2022-11-09,634120332,434025.0,359357.14285714284
2022-11-10,634580732,460400.0,354613.28571428574
2022-11-11,635069106,488374.0,360882.4285714286
2022-11-12,635311613,242507.0,366766.0
2022-11-13,635495122,183509.0,366318.28571428574
2022-11-14,635841961,346839.0,372352.85714285716
2022-11-15,636345710,503749.0,379914.71428571426
2022-11-16,636832026,486316.0,387384.85714285716
2022-11-17,637311375,479349.0,390091.85714285716
2022-11-18,637942099,630724.0,410427.5714285714
2022-11-19,638189454,247355.0,411120.14285714284
2022-11-20,638411885,222431.0,416680.4285714286
2022-11-21,638753467,341582.0,415929.4285714286
2022-11-22,639327694,574227.0,425997.71428571426
2022-11-23,639918468,590774.0,440920.28571428574
2022-11-24,640338859,420391.0,432497.71428571426
2022-11-25,641037050,698191.0,442135.85714285716
2022-11-26,641307676,270626.0,445460.28571428574
2022-11-27,641571137,263461.0,451321.71428571426
2022-11-28,641976926,405789.0,460494.14285714284
2022-11-29,642707621,730695.0,482846.71428571426
2022-11-30,643243402,535781.0,474990.5714285714
2022-12-01,643949643,706241.0,515826.28571428574
2022-12-02,644711234,761591.0,524883.4285714285
2022-12-03,645011143,299909.0,529066.7142857143
2022-12-04,645268290,257147.0,528164.7142857143
2022-12-05,645773779,505489.0,542407.5714285715
2022-12-06,646398289,624510.0,527238.2857142857
2022-12-07,647031781,633492.0,541197.0
2022-12-08,647840883,809102.0,555891.4285714285
2022-12-09,648511335,670452.0,542871.5714285715
2022-12-10,648786012,274677.0,539267.0
2022-12-11,649085246,299234.0,545279.4285714285
2022-12-12,649657999,572753.0,554888.5714285715
2022-12-13,650436072,778073.0,576826.1428571428
2022-12-14,651121820,685748.0,584291.2857142857
2022-12-15,651872526,750706.0,575949.0
2022-12-16,652604583,732057.0,584749.7142857143
2022-12-17,652905056,300473.0,588434.8571428572
2022-12-18,653188780,283724.0,586219.1428571428
2022-12-19,653775191,586411.0,588170.2857142857
2022-12-20,654484071,708880.0,578285.5714285715
2022-12-21,655204843,720772.0,583289.0
2022-12-22,655962809,757966.0,584326.1428571428
2022-12-23,656604254,641445.0,571381.5714285715
2022-12-24,656948633,344379.0,577653.8571428572
2022-12-25,657134927,186294.0,563735.2857142857
2022-12-26,657654332,519405.0,554163.0
2022-12-27,658308487,654155.0,546345.1428571428
2022-12-28,658945619,637132.0,534396.5714285715
2022-12-29,659616904,671285.0,522013.5714285714
2022-12-30,660199007,582103.0,513536.14285714284
2022-12-31,660463071,264064.0,502062.5714285714
2023-01-01,660777666,314595.0,520391.28571428574
2023-01-02,661197387,419721.0,506150.71428571426
2023-01-03,661660172,462785.0,478812.14285714284
2023-01-04,662230624,570452.0,469286.4285714286
2023-01-05,662965874,735250.0,478424.28571428574
2023-01-06,663684728,718854.0,497960.14285714284
2023-01-07,664041773,357045.0,511243.14285714284
2023-01-08,664369223,327450.0,513079.5714285714
2023-01-09,664718215,348992.0,502975.4285714286
2023-01-10,665113156,394941.0,493283.4285714286
2023-01-11,665619705,506549.0,484154.4285714286
2023-01-12,666096818,477113.0,447277.71428571426
2023-01-13,666532662,435844.0,406847.71428571426
2023-01-14,666754014,221352.0,387463.0
2023-01-15,666950878,196864.0,368807.85714285716
2023-01-16,667165496,214618.0,349611.5714285714
2023-01-17,667517589,352093.0,343490.4285714286
2023-01-18,667895307,377718.0,325086.0
2023-01-19,668219805,324498.0,303283.85714285716
2023-01-20,668561525,341720.0,289837.5714285714
2023-01-21,668714929,153404.0,280130.71428571426
2023-01-22,668829356,114427.0,268354.0
2023-01-23,669000410,171054.0,262130.57142857142
2023-01-24,669272230,271820.0,250663.0
2023-01-25,669566450,294220.0,238734.7142857143
2023-01-26,669848199,281749.0,232627.7142857143
2023-01-27,670086123,237924.0,217799.7142857143
2023-01-28,670219486,133363.0,214936.7142857143
2023-01-29,670343333,123847.0,216282.42857142858
2023-01-30,670503211,159878.0,214685.85714285713
2023-01-31,670733868,230657.0,208805.42857142858
2023-02-01,671031683,297815.0,209319.0
2023-02-02,671290768,259085.0,206081.2857142857
2023-02-03,671528827,238059.0,206100.57142857142
2023-02-04,671631566,102739.0,201725.7142857143
2023-02-05,671720755,89189.0,196774.57142857142
2023-02-06,671866742,145987.0,194790.14285714287
2023-02-07,672064519,197777.0,190093.0
2023-02-08,672294617,230098.0,180419.14285714287
2023-02-09,672553520,258903.0,180393.14285714287
2023-02-10,672695603,142083.0,166682.2857142857
2023-02-11,672827810,132207.0,170892.0
2023-02-12,672905456,77646.0,169243.0
2023-02-13,673043410,137954.0,168095.42857142858
2023-02-14,673237010,193600.0,167498.7142857143
2023-02-15,673476918,239908.0,168900.14285714287
2023-02-16,673684811,207893.0,161613.0
2023-02-17,673878112,193301.0,168929.85714285713
2023-02-18,673969075,90963.0,163037.85714285713
2023-02-19,674055508,86433.0,164293.14285714287
2023-02-20,674142868,87360.0,157065.42857142858
2023-02-21,674323000,180132.0,155141.42857142858
2023-02-22,674569103,246103.0,156026.42857142858
2023-02-23,674790195,221092.0,157912.0
2023-02-24,674932621,142426.0,150644.14285714287
2023-02-25,674978072,45451.0,144142.42857142858
2023-02-26,675043693,65621.0,141169.2857142857
2023-02-27,675170718,127025.0,146835.7142857143
2023-02-28,675321517,150799.0,142645.2857142857
2023-03-01,675542131,220614.0,139004.0
2023-03-02,675731190,189059.0,134427.85714285713
2023-03-03,675913859,182669.0,140176.85714285713
2023-03-04,675968054,54195.0,141426.0
2023-03-05,676024180,56126.0,140069.57142857142
2023-03-06,676082220,58040.0,130214.57142857143
2023-03-07,676212657,130437.0,127305.71428571429
2023-03-08,676392103,179446.0,121424.57142857143
2023-03-09,676569428,177325.0,119748.28571428571
